ML_Algorithm,F1,Precision,Recall,Accuracy
KNN-1,0.9802831518329717,0.9821688689119263,0.9791624610992038,0.9794470079835935
KNN-3,0.9738233077760878,0.9758513154457992,0.9727741779197994,0.9721460484875118
Random Forest,0.9820067820409781,0.9840511069596527,0.980850705779069,0.9829612539368637
ML_Algorithm,F1,Precision,Recall,Accuracy
KNN-1,0.9817714290995079,0.9824221296829124,0.9815727935395844,0.9799926756024318
KNN-3,0.9761569504920917,0.9768131775107687,0.9762028344926954,0.9735003295978906
Random Forest,0.9831796301491146,0.9849702531445779,0.9822390033611292,0.9843191972460266
ML_Algorithm,F1,Precision,Recall,Accuracy
KNN-1,0.9813272843571947,0.9818112436062105,0.9814044242851621,0.980258551234161
KNN-3,0.9743686754492196,0.9749443511222987,0.9745841526117631,0.9724155863180253
Random Forest,0.9810967842597446,0.9824021839661622,0.9807259323639343,0.9821526404453234
ML_Algorithm,F1,Precision,Recall,Accuracy
KNN-1,0.9803152871480625,0.9816963048379648,0.9796970984484595,0.9797187431333774
KNN-3,0.9735226092530433,0.9751519128048957,0.9731032206583812,0.9721467809272687
Random Forest,0.9810866047114661,0.9828790204238496,0.9803420842895155,0.9824214458360799
ML_Algorithm,F1,Precision,Recall,Accuracy
KNN-1,0.9812697667426693,0.9814236568115897,0.9816888661971894,0.9799882809638907
KNN-3,0.9764705707818824,0.9771792317879584,0.9766739339717965,0.9745792133597012
Random Forest,0.9811713611792682,0.9813099548139725,0.9817594679738104,0.981068629605215
ML_Algorithm,F1,Precision,Recall,Accuracy
KNN-1,0.9811257787421104,0.9822172988914117,0.9804169767552141,0.97917747015308
KNN-3,0.9748348043254659,0.9761358920950689,0.9743171208002666,0.972146048487512
Random Forest,0.9824644065448169,0.9836293520032134,0.9819817445018348,0.9826917161063502
ML_Algorithm,F1,Precision,Recall,Accuracy
KNN-1,0.980040158848362,0.9808239230484312,0.9798077632681288,0.97863912693181
KNN-3,0.975306650863053,0.9762196698217508,0.9753548141893601,0.9732315242071341
Random Forest,0.9805658711740914,0.9813257386450029,0.9805426371304741,0.9805317512634586
