ML_Algorithm,F1,Precision,Recall,Accuracy
KNN-1,0.7881841546094799,0.9052209147444572,0.8331939899669422,0.7649959715813375
KNN-3,0.9707534927939394,0.9716253927278862,0.971091593199176,0.9707954295759175
Random Forest,0.9781570041571548,0.9790914992939849,0.9782748693624322,0.9797194755731342
ML_Algorithm,F1,Precision,Recall,Accuracy
KNN-1,0.9784817811008306,0.9786973761505028,0.9787508817497421,0.9767465026001613
KNN-3,0.9716601580059556,0.9713592744931882,0.9728651019624437,0.9699846187651066
Random Forest,0.9789451101742348,0.9779164308055535,0.9806199463610354,0.978638394492053
ML_Algorithm,F1,Precision,Recall,Accuracy
KNN-1,0.9784582524962457,0.9790229462312231,0.9781955159250846,0.9770167728704315
KNN-3,0.9717329427788457,0.9716504688372714,0.9724026211133214,0.9702548890353768
Random Forest,0.9797380104764523,0.979677739401253,0.980288428079479,0.9802607485534317
ML_Algorithm,F1,Precision,Recall,Accuracy
KNN-1,0.9765245267194466,0.9772317216648789,0.9763318410713888,0.9756617593202958
KNN-3,0.9697300189268627,0.9694480057329329,0.9710342885282216,0.9686325349739983
Random Forest,0.9797408820002944,0.9791937037783768,0.9810455534492192,0.980259283673918
ML_Algorithm,F1,Precision,Recall,Accuracy
KNN-1,0.9793660708617716,0.9802765851110099,0.9790180470968158,0.9783651944627554
KNN-3,0.9711182230915909,0.9717488954154865,0.9716010471631547,0.9697128836153226
Random Forest,0.9808929571403118,0.9805725733142523,0.9818590830150565,0.9810715593642424
ML_Algorithm,F1,Precision,Recall,Accuracy
KNN-1,0.9781559428429899,0.97860941248017,0.9781983069542338,0.9767450377206476
KNN-3,0.9695821582481499,0.9694650028278119,0.9709848967766821,0.968091261993701
Random Forest,0.978213309681831,0.977680151106329,0.9794865317369622,0.978368124221783
ML_Algorithm,F1,Precision,Recall,Accuracy
KNN-1,0.9796961862033637,0.9803843402792551,0.9794823061694243,0.9786361971727825
KNN-3,0.9707860578744352,0.9708930345984308,0.9718386292832996,0.9694418809052955
Random Forest,0.9794418827298228,0.9795858063616967,0.9800095773862376,0.980259283673918
ML_Algorithm,F1,Precision,Recall,Accuracy
KNN-1,0.9784990192693727,0.979263735445467,0.9783228448052851,0.9775514538929174
KNN-3,0.9721466893491778,0.9723623325345025,0.9730182328733068,0.9707895700578627
Random Forest,0.9785489731511537,0.9790731268759089,0.9790981468949788,0.9794418809052956
